{"cameraMode":{"drawMode":0,"name":"Shaded","section":"Shading Mode"},"sceneLighting":false,"audioPlay":false,"sceneViewState":{"showFog":true,"showMaterialUpdate":false,"showSkybox":false,"showFlares":true,"showImageEffects":true,"showParticleSystems":true},"in2DMode":false,"pivot":{"x":-3.3999996185302736,"y":0.39000004529953005,"z":4.1610002517700199},"rotation":{"x":-0.029274724423885347,"y":0.9665486812591553,"z":-0.2199987918138504,"w":-0.12861378490924836},"size":159.23460388183595,"orthographic":false}